nombre_ies;codigo_ies;codigo_sede;nombre_sede;codigo_comuna;nombre_comuna;codigo_region;nombre_region;n_sedes
UNIVERSIDAD GABRIELA MISTRAL;1;1;CASA CENTRAL;13123;Providencia;13;Metropolitana de Santiago;1
UNIVERSIDAD FINIS TERRAE;2;1;CASA CENTRAL (SANTIAGO);13123;Providencia;13;Metropolitana de Santiago;1
UNIVERSIDAD DIEGO PORTALES;3;1;CASA CENTRAL (SANTIAGO);13101;Santiago;13;Metropolitana de Santiago;1
UNIVERSIDAD CENTRAL DE CHILE;4;1;SANTIAGO;13101;Santiago;13;Metropolitana de Santiago;3
UNIVERSIDAD CENTRAL DE CHILE;4;7;SEDE LA SERENA;04101;La Serena;04;Coquimbo;3
UNIVERSIDAD CENTRAL DE CHILE;4;9;SUB-CAMPUS ALMAGRO NORTE;13101;Santiago;13;Metropolitana de Santiago;3
UNIVERSIDAD BOLIVARIANA;7;11;SEDE CHILLAN;16101;Chillán;16;Ñuble;8
UNIVERSIDAD BOLIVARIANA;7;12;SEDE TALCA;07101;Talca;07;Maule;8
UNIVERSIDAD BOLIVARIANA;7;13;SEDE CONCEPCION;08101;Concepción;08;Biobío;8
UNIVERSIDAD BOLIVARIANA;7;1;CASA CENTRAL (SANTIAGO);13101;Santiago;13;Metropolitana de Santiago;8
UNIVERSIDAD BOLIVARIANA;7;2;SEDE IQUIQUE;01101;Iquique;01;Tarapacá;8
UNIVERSIDAD BOLIVARIANA;7;3;SEDE LOS ANGELES;08301;Los Angeles;08;Biobío;8
UNIVERSIDAD BOLIVARIANA;7;7;SEDE LA SERENA;04101;La Serena;04;Coquimbo;8
UNIVERSIDAD BOLIVARIANA;7;8;SEDE OVALLE;04301;Ovalle;04;Coquimbo;8
UNIVERSIDAD DEL ALBA;9;1;CASA CENTRAL (SANTIAGO - PROVIDENCIA);13123;Providencia;13;Metropolitana de Santiago;5
UNIVERSIDAD DEL ALBA;9;2;SEDE LA SERENA;04101;La Serena;04;Coquimbo;5
UNIVERSIDAD DEL ALBA;9;6;SEDE CONCEPCION;08101;Concepción;08;Biobío;5
UNIVERSIDAD DEL ALBA;9;8;SEDE ANTOFAGASTA;02101;Antofagasta;02;Antofagasta;5
UNIVERSIDAD DEL ALBA;9;9;SEDE CHILLAN;16101;Chillán;16;Ñuble;5
UNIVERSIDAD MAYOR;10;10;SEDE ALONSO DE CORDOVA;13114;Las Condes;13;Metropolitana de Santiago;10
UNIVERSIDAD MAYOR;10;11;SEDE REPUBLICA;13101;Santiago;13;Metropolitana de Santiago;10
UNIVERSIDAD MAYOR;10;12;SEDE ORIENTE;13101;Santiago;13;Metropolitana de Santiago;10
UNIVERSIDAD MAYOR;10;2;SEDE ALAMEDA;13101;Santiago;13;Metropolitana de Santiago;10
UNIVERSIDAD MAYOR;10;4;SEDE TEMUCO;09101;Temuco;09;La Araucanía;10
UNIVERSIDAD MAYOR;10;5;SEDE DEL CLAUSTRO;13101;Santiago;13;Metropolitana de Santiago;10
UNIVERSIDAD MAYOR;10;6;SEDE HUECHURABA;13107;Huechuraba;13;Metropolitana de Santiago;10
UNIVERSIDAD MAYOR;10;7;SEDE MANUEL MONTT;13123;Providencia;13;Metropolitana de Santiago;10
UNIVERSIDAD MAYOR;10;8;SEDE SANTO DOMINGO;13101;Santiago;13;Metropolitana de Santiago;10
UNIVERSIDAD MAYOR;10;9;SEDE CONSERVATORIO DE MUSICA;13114;Las Condes;13;Metropolitana de Santiago;10
UNIVERSIDAD ACADEMIA DE HUMANISMO CRISTIANO;11;1;CASA CENTRAL (CONDELL);13123;Providencia;13;Metropolitana de Santiago;2
UNIVERSIDAD ACADEMIA DE HUMANISMO CRISTIANO;11;2;CAMPUS BRASIL;13101;Santiago;13;Metropolitana de Santiago;2
UNIVERSIDAD SANTO TOMAS;13;10;SEDE TEMUCO;09101;Temuco;09;La Araucanía;14
UNIVERSIDAD SANTO TOMAS;13;11;SEDE PUERTO MONTT;10101;Puerto Montt;10;Los Lagos;14
UNIVERSIDAD SANTO TOMAS;13;12;SEDE OSORNO;10301;Osorno;10;Los Lagos;14
UNIVERSIDAD SANTO TOMAS;13;15;SEDE COPIAPO;03101;Copiapó;03;Atacama;14
UNIVERSIDAD SANTO TOMAS;13;16;SEDE CONCEPCION;08101;Concepción;08;Biobío;14
UNIVERSIDAD SANTO TOMAS;13;17;SEDE VALDIVIA;14101;Valdivia;14;Los Ríos;14
UNIVERSIDAD SANTO TOMAS;13;1;CASA CENTRAL (SANTIAGO);13101;Santiago;13;Metropolitana de Santiago;14
UNIVERSIDAD SANTO TOMAS;13;2;SEDE ARICA;15101;Arica;15;Arica y Parinacota;14
UNIVERSIDAD SANTO TOMAS;13;3;SEDE IQUIQUE;01101;Iquique;01;Tarapacá;14
UNIVERSIDAD SANTO TOMAS;13;4;SEDE ANTOFAGASTA;02101;Antofagasta;02;Antofagasta;14
UNIVERSIDAD SANTO TOMAS;13;5;SEDE LA SERENA;04101;La Serena;04;Coquimbo;14
UNIVERSIDAD SANTO TOMAS;13;6;SEDE VIÑA DEL MAR;05109;Viña del Mar;05;Valparaíso;14
UNIVERSIDAD SANTO TOMAS;13;7;SEDE TALCA;07101;Talca;07;Maule;14
UNIVERSIDAD SANTO TOMAS;13;9;SEDE LOS ANGELES;08301;Los Angeles;08;Biobío;14
UNIVERSIDAD LA REPUBLICA;16;13;SEDE CONCEPCION;08101;Concepción;08;Biobío;11
UNIVERSIDAD LA REPUBLICA;16;1;SEDE SANTIAGO;13101;Santiago;13;Metropolitana de Santiago;11
UNIVERSIDAD LA REPUBLICA;16;20;SEDE CALAMA;02201;Calama;02;Antofagasta;11
UNIVERSIDAD LA REPUBLICA;16;22;SEDE TALCA;07101;Talca;07;Maule;11
UNIVERSIDAD LA REPUBLICA;16;24;SEDE COQUIMBO;04102;Coquimbo;04;Coquimbo;11
UNIVERSIDAD LA REPUBLICA;16;26;SEDE RANCAGUA;06101;Rancagua;06;Libertador General Bernardo O'Higgins;11
UNIVERSIDAD LA REPUBLICA;16;27;SEDE ARICA;15101;Arica;15;Arica y Parinacota;11
UNIVERSIDAD LA REPUBLICA;16;28;SEDE TEMUCO;09101;Temuco;09;La Araucanía;11
UNIVERSIDAD LA REPUBLICA;16;6;SEDE ÑUBLE;16101;Chillán;16;Ñuble;11
UNIVERSIDAD LA REPUBLICA;16;8;SEDE LOS ANGELES;08301;Los Angeles;08;Biobío;11
UNIVERSIDAD LA REPUBLICA;16;9;SEDE ANTOFAGASTA;02101;Antofagasta;02;Antofagasta;11
UNIVERSIDAD SEK;17;1;SEDE SANTIAGO CENTRO;13101;Santiago;13;Metropolitana de Santiago;3
UNIVERSIDAD SEK;17;2;SEDE PROVIDENCIA;13123;Providencia;13;Metropolitana de Santiago;3
UNIVERSIDAD SEK;17;3;SEDE PARQUE ARRIETA;13122;Peñalolén;13;Metropolitana de Santiago;3
UNIVERSIDAD DE LAS AMERICAS;19;1;CAMPUS PROVIDENCIA;13123;Providencia;13;Metropolitana de Santiago;7
UNIVERSIDAD DE LAS AMERICAS;19;2;CAMPUS LA FLORIDA;13110;La Florida;13;Metropolitana de Santiago;7
UNIVERSIDAD DE LAS AMERICAS;19;3;CAMPUS MAIPU;13119;Maipú;13;Metropolitana de Santiago;7
UNIVERSIDAD DE LAS AMERICAS;19;4;CAMPUS SANTIAGO CENTRO;13101;Santiago;13;Metropolitana de Santiago;7
UNIVERSIDAD DE LAS AMERICAS;19;5;SEDE CONCEPCION;08101;Concepción;08;Biobío;7
UNIVERSIDAD DE LAS AMERICAS;19;6;SEDE VIÑA DEL MAR;05109;Viña del Mar;05;Valparaíso;7
UNIVERSIDAD DE LAS AMERICAS;19;9;CAMPUS MELIPILLA;13501;Melipilla;13;Metropolitana de Santiago;7
UNIVERSIDAD ANDRES BELLO;20;1;CASA CENTRAL (SANTIAGO);13101;Santiago;13;Metropolitana de Santiago;4
UNIVERSIDAD ANDRES BELLO;20;2;SEDE CASONA DE LAS CONDES;13114;Las Condes;13;Metropolitana de Santiago;4
UNIVERSIDAD ANDRES BELLO;20;3;SEDE VIÑA DEL MAR;05109;Viña del Mar;05;Valparaíso;4
UNIVERSIDAD ANDRES BELLO;20;4;SEDE CONCEPCION;08101;Concepción;08;Biobío;4
UNIVERSIDAD DE VIÑA DEL MAR;22;1;CASA CENTRAL (VIÑA DEL MAR);05109;Viña del Mar;05;Valparaíso;1
UNIVERSIDAD ADOLFO IBAÑEZ;23;1;CASA CENTRAL (VIÑA DEL MAR);05109;Viña del Mar;05;Valparaíso;4
UNIVERSIDAD ADOLFO IBAÑEZ;23;2;SEDE PEÑALOLEN;13122;Peñalolén;13;Metropolitana de Santiago;4
UNIVERSIDAD ADOLFO IBAÑEZ;23;3;SEDE PRESIDENTE ERRAZURIZ;13114;Las Condes;13;Metropolitana de Santiago;4
UNIVERSIDAD ADOLFO IBAÑEZ;23;4;SEDE VITACURA;13132;Vitacura;13;Metropolitana de Santiago;4
UNIVERSIDAD DE ARTES, CIENCIAS Y COMUNICACION - UNIACC;26;1;CASA CENTRAL (SANTIAGO);13123;Providencia;13;Metropolitana de Santiago;1
UNIVERSIDAD AUTONOMA DE CHILE;31;1;CASA CENTRAL (TEMUCO);09101;Temuco;09;La Araucanía;4
UNIVERSIDAD AUTONOMA DE CHILE;31;2;SEDE TALCA;07101;Talca;07;Maule;4
UNIVERSIDAD AUTONOMA DE CHILE;31;3;CAMPUS EL LLANO;13130;San Miguel;13;Metropolitana de Santiago;4
UNIVERSIDAD AUTONOMA DE CHILE;31;4;CAMPUS PROVIDENCIA;13123;Providencia;13;Metropolitana de Santiago;4
UNIVERSIDAD DE LOS ANDES;34;1;CASA CENTRAL (SANTIAGO);13114;Las Condes;13;Metropolitana de Santiago;1
UNIVERSIDAD ADVENTISTA DE CHILE;38;1;CASA CENTRAL (CHILLAN);16101;Chillán;16;Ñuble;1
UNIVERSIDAD SAN SEBASTIAN;39;2;SEDE CONCEPCION;08101;Concepción;08;Biobío;5
UNIVERSIDAD SAN SEBASTIAN;39;5;SEDE OSORNO;10301;Osorno;10;Los Lagos;5
UNIVERSIDAD SAN SEBASTIAN;39;6;SEDE SANTIAGO;13101;Santiago;13;Metropolitana de Santiago;5
UNIVERSIDAD SAN SEBASTIAN;39;7;SEDE VALDIVIA;14101;Valdivia;14;Los Ríos;5
UNIVERSIDAD SAN SEBASTIAN;39;8;SEDE PATAGONIA (PUERTO MONTT);10101;Puerto Montt;10;Los Lagos;5
UNIVERSIDAD CATOLICA CARDENAL RAUL SILVA HENRIQUEZ;42;1;CASA CENTRAL (SANTIAGO);13101;Santiago;13;Metropolitana de Santiago;1
UNIVERSIDAD DEL DESARROLLO;45;1;CASA CENTRAL (CONCEPCION);08101;Concepción;08;Biobío;3
UNIVERSIDAD DEL DESARROLLO;45;2;SEDE SANTIAGO (LAS CONDES);13114;Las Condes;13;Metropolitana de Santiago;3
UNIVERSIDAD DEL DESARROLLO;45;4;SEDE SANTIAGO (S.C. APOQUINDO);13114;Las Condes;13;Metropolitana de Santiago;3
UNIVERSIDAD DE ACONCAGUA;46;11;SEDE LOS ANDES;05301;Los Andes;05;Valparaíso;11
UNIVERSIDAD DE ACONCAGUA;46;12;SEDE MACHALI;06108;Machalí;06;Libertador General Bernardo O'Higgins;11
UNIVERSIDAD DE ACONCAGUA;46;14;SEDE TEMUCO;09101;Temuco;09;La Araucanía;11
UNIVERSIDAD DE ACONCAGUA;46;16;SEDE PUERTO MONTT;10101;Puerto Montt;10;Los Lagos;11
UNIVERSIDAD DE ACONCAGUA;46;17;SEDE ANCUD;10202;Ancud;10;Los Lagos;11
UNIVERSIDAD DE ACONCAGUA;46;19;SEDE SAN FELIPE;05701;San Felipe;05;Valparaíso;11
UNIVERSIDAD DE ACONCAGUA;46;23;SEDE RANCAGUA;06101;Rancagua;06;Libertador General Bernardo O'Higgins;11
UNIVERSIDAD DE ACONCAGUA;46;2;SEDE VIÑA DEL MAR;05109;Viña del Mar;05;Valparaíso;11
UNIVERSIDAD DE ACONCAGUA;46;4;SEDE LA SERENA;04101;La Serena;04;Coquimbo;11
UNIVERSIDAD DE ACONCAGUA;46;5;SEDE SANTIAGO;13101;Santiago;13;Metropolitana de Santiago;11
UNIVERSIDAD DE ACONCAGUA;46;9;SEDE CALAMA;02201;Calama;02;Antofagasta;11
UNIVERSIDAD LOS LEONES;48;4;CASA CENTRAL (SANTIAGO);13101;Santiago;13;Metropolitana de Santiago;1
UNIVERSIDAD BERNARDO O'HIGGINS;50;1;CASA CENTRAL (SANTIAGO);13101;Santiago;13;Metropolitana de Santiago;2
UNIVERSIDAD BERNARDO O'HIGGINS;50;2;CAMPUS RONDIZZONI;13101;Santiago;13;Metropolitana de Santiago;2
UNIVERSIDAD TECNOLOGICA DE CHILE INACAP;54;10;SEDE CURICO;07301;Curicó;07;Maule;26
UNIVERSIDAD TECNOLOGICA DE CHILE INACAP;54;11;SEDE TALCA;07101;Talca;07;Maule;26
UNIVERSIDAD TECNOLOGICA DE CHILE INACAP;54;12;SEDE CHILLAN;16101;Chillán;16;Ñuble;26
UNIVERSIDAD TECNOLOGICA DE CHILE INACAP;54;13;SEDE CONCEPCION - TALCAHUANO;08110;Talcahuano;08;Biobío;26
UNIVERSIDAD TECNOLOGICA DE CHILE INACAP;54;14;SEDE TEMUCO;09101;Temuco;09;La Araucanía;26
UNIVERSIDAD TECNOLOGICA DE CHILE INACAP;54;15;SEDE VALDIVIA;14101;Valdivia;14;Los Ríos;26
UNIVERSIDAD TECNOLOGICA DE CHILE INACAP;54;16;SEDE OSORNO;10301;Osorno;10;Los Lagos;26
UNIVERSIDAD TECNOLOGICA DE CHILE INACAP;54;17;SEDE PUERTO MONTT;10101;Puerto Montt;10;Los Lagos;26
UNIVERSIDAD TECNOLOGICA DE CHILE INACAP;54;18;SEDE COYHAIQUE;11101;Coyhaique;11;Aysén del General Carlos Ibáñez del Campo;26
UNIVERSIDAD TECNOLOGICA DE CHILE INACAP;54;19;SEDE PUNTA ARENAS;12101;Punta Arenas;12;Magallanes y de la Antártica Chilena;26
UNIVERSIDAD TECNOLOGICA DE CHILE INACAP;54;1;SEDE ÑUÑOA;13120;Ñuñoa;13;Metropolitana de Santiago;26
UNIVERSIDAD TECNOLOGICA DE CHILE INACAP;54;21;SEDE APOQUINDO;13114;Las Condes;13;Metropolitana de Santiago;26
UNIVERSIDAD TECNOLOGICA DE CHILE INACAP;54;24;SEDE RENCA;13128;Renca;13;Metropolitana de Santiago;26
UNIVERSIDAD TECNOLOGICA DE CHILE INACAP;54;25;SEDE SANTIAGO CENTRO;13101;Santiago;13;Metropolitana de Santiago;26
UNIVERSIDAD TECNOLOGICA DE CHILE INACAP;54;26;SEDE MAIPU;13119;Maipú;13;Metropolitana de Santiago;26
UNIVERSIDAD TECNOLOGICA DE CHILE INACAP;54;2;SEDE ARICA;15101;Arica;15;Arica y Parinacota;26
UNIVERSIDAD TECNOLOGICA DE CHILE INACAP;54;32;SEDE SANTIAGO SUR;13118;Macul;13;Metropolitana de Santiago;26
UNIVERSIDAD TECNOLOGICA DE CHILE INACAP;54;33;SEDE LOS ANGELES;08301;Los Angeles;08;Biobío;26
UNIVERSIDAD TECNOLOGICA DE CHILE INACAP;54;34;SEDE PUENTE ALTO;13201;Puente Alto;13;Metropolitana de Santiago;26
UNIVERSIDAD TECNOLOGICA DE CHILE INACAP;54;3;SEDE IQUIQUE;01101;Iquique;01;Tarapacá;26
UNIVERSIDAD TECNOLOGICA DE CHILE INACAP;54;4;SEDE CALAMA;02201;Calama;02;Antofagasta;26
UNIVERSIDAD TECNOLOGICA DE CHILE INACAP;54;5;SEDE ANTOFAGASTA;02101;Antofagasta;02;Antofagasta;26
UNIVERSIDAD TECNOLOGICA DE CHILE INACAP;54;6;SEDE COPIAPO;03101;Copiapó;03;Atacama;26
UNIVERSIDAD TECNOLOGICA DE CHILE INACAP;54;7;SEDE LA SERENA;04101;La Serena;04;Coquimbo;26
UNIVERSIDAD TECNOLOGICA DE CHILE INACAP;54;8;SEDE VALPARAISO;05101;Valparaíso;05;Valparaíso;26
UNIVERSIDAD TECNOLOGICA DE CHILE INACAP;54;9;SEDE RANCAGUA;06101;Rancagua;06;Libertador General Bernardo O'Higgins;26
UNIVERSIDAD MIGUEL DE CERVANTES;68;1;CASA CENTRAL (SANTIAGO);13101;Santiago;13;Metropolitana de Santiago;1
UNIVERSIDAD ALBERTO HURTADO;69;1;CASA CENTRAL (SANTIAGO);13101;Santiago;13;Metropolitana de Santiago;1
UNIVERSIDAD DE CHILE;70;1;SANTIAGO;13101;Santiago;13;Metropolitana de Santiago;1
UNIVERSIDAD DE SANTIAGO DE CHILE;71;1;CASA CENTRAL (SANTIAGO);13106;Estación Central;13;Metropolitana de Santiago;1
UNIVERSIDAD DE SANTIAGO DE CHILE (* CARRERA EN CONVENIO U. IBEROAMERICANA);71;1;CASA CENTRAL (SANTIAGO);13106;Estación Central;13;Metropolitana de Santiago;1
UNIVERSIDAD DE VALPARAISO;72;1;CASA CENTRAL (VALPARAISO);05101;Valparaíso;05;Valparaíso;3
UNIVERSIDAD DE VALPARAISO;72;2;CAMPUS SAN FELIPE;05701;San Felipe;05;Valparaíso;3
UNIVERSIDAD DE VALPARAISO;72;5;CAMPUS SANTIAGO;13101;Santiago;13;Metropolitana de Santiago;3
UNIVERSIDAD DE ANTOFAGASTA;73;1;CASA CENTRAL (ANTOFAGASTA);02101;Antofagasta;02;Antofagasta;2
UNIVERSIDAD DE ANTOFAGASTA;73;2;SEDE CAMPUS COLOSO;02101;Antofagasta;02;Antofagasta;2
UNIVERSIDAD DE LA SERENA;74;1;LA SERENA;04101;La Serena;04;Coquimbo;2
UNIVERSIDAD DE LA SERENA;74;3;CAMPUS LIMARI;04301;Ovalle;04;Coquimbo;2
UNIVERSIDAD DEL BIO-BIO;75;1;CASA CENTRAL (CONCEPCION);08101;Concepción;08;Biobío;2
UNIVERSIDAD DEL BIO-BIO;75;2;SEDE CHILLAN;16101;Chillán;16;Ñuble;2
UNIVERSIDAD DE LA FRONTERA;76;1;CASA CENTRAL (TEMUCO);09101;Temuco;09;La Araucanía;2
UNIVERSIDAD DE LA FRONTERA;76;2;SEDE PUCON;09115;Pucón;09;La Araucanía;2
UNIVERSIDAD DE MAGALLANES;77;1;CASA CENTRAL (PUNTA ARENAS);12101;Punta Arenas;12;Magallanes y de la Antártica Chilena;4
UNIVERSIDAD DE MAGALLANES;77;2;CENTRO UNIVERSITARIO PUERTO NATALES;12401;Natales;12;Magallanes y de la Antártica Chilena;4
UNIVERSIDAD DE MAGALLANES;77;4;COYHAIQUE;11101;Coyhaique;11;Aysén del General Carlos Ibáñez del Campo;4
UNIVERSIDAD DE MAGALLANES;77;5;CENTRO UNIVERSITARIO UMAG CABO DE HORNOS;12201;Cabo de Hornos;12;Magallanes y de la Antártica Chilena;4
UNIVERSIDAD DE TALCA;78;1;CASA CENTRAL (TALCA);07101;Talca;07;Maule;5
UNIVERSIDAD DE TALCA;78;3;CAMPUS CURICO;07301;Curicó;07;Maule;5
UNIVERSIDAD DE TALCA;78;5;CAMPUS SANTIAGO;13129;San Joaquín;13;Metropolitana de Santiago;5
UNIVERSIDAD DE TALCA;78;7;CAMPUS COLCHAGUA;06310;Santa Cruz;06;Libertador General Bernardo O'Higgins;5
UNIVERSIDAD DE TALCA;78;8;CAMPUS LINARES;07401;Linares;07;Maule;5
UNIVERSIDAD DE ATACAMA;79;1;CASA CENTRAL (COPIAPO);03101;Copiapó;03;Atacama;2
UNIVERSIDAD DE ATACAMA;79;3;SEDE VALLENAR;03301;Vallenar;03;Atacama;2
UNIVERSIDAD DE TARAPACA;80;1;CASA CENTRAL (ARICA);15101;Arica;15;Arica y Parinacota;2
UNIVERSIDAD DE TARAPACA;80;2;SEDE IQUIQUE;01101;Iquique;01;Tarapacá;2
UNIVERSIDAD ARTURO PRAT;81;1;CASA CENTRAL (IQUIQUE);01101;Iquique;01;Tarapacá;6
UNIVERSIDAD ARTURO PRAT;81;2;SEDE CALAMA;02201;Calama;02;Antofagasta;6
UNIVERSIDAD ARTURO PRAT;81;3;SEDE VICTORIA;09211;Victoria;09;La Araucanía;6
UNIVERSIDAD ARTURO PRAT;81;5;SEDE ARICA;15101;Arica;15;Arica y Parinacota;6
UNIVERSIDAD ARTURO PRAT;81;6;SEDE ANTOFAGASTA;02101;Antofagasta;02;Antofagasta;6
UNIVERSIDAD ARTURO PRAT;81;7;SEDE SANTIAGO;13101;Santiago;13;Metropolitana de Santiago;6
UNIVERSIDAD METROPOLITANA DE CIENCIAS DE LA EDUCACION;82;1;CASA CENTRAL (SANTIAGO);13120;Ñuñoa;13;Metropolitana de Santiago;1
UNIVERSIDAD DE PLAYA ANCHA DE CIENCIAS DE LA EDUCACION;83;1;CASA CENTRAL (VALPARAISO);05101;Valparaíso;05;Valparaíso;2
UNIVERSIDAD DE PLAYA ANCHA DE CIENCIAS DE LA EDUCACION;83;2;SEDE SAN FELIPE;05701;San Felipe;05;Valparaíso;2
UNIVERSIDAD DE LOS LAGOS;84;18;SEDE SANTIAGO;13101;Santiago;13;Metropolitana de Santiago;5
UNIVERSIDAD DE LOS LAGOS;84;1;CASA CENTRAL (OSORNO);10301;Osorno;10;Los Lagos;5
UNIVERSIDAD DE LOS LAGOS;84;2;SEDE PUERTO MONTT;10101;Puerto Montt;10;Los Lagos;5
UNIVERSIDAD DE LOS LAGOS;84;33;SEDE ANCUD;10202;Ancud;10;Los Lagos;5
UNIVERSIDAD DE LOS LAGOS;84;6;SEDE CASTRO;10201;Castro;10;Los Lagos;5
UNIVERSIDAD TECNOLOGICA METROPOLITANA;85;1;CASA CENTRAL;13101;Santiago;13;Metropolitana de Santiago;3
UNIVERSIDAD TECNOLOGICA METROPOLITANA (* CARRERA EN CONVENIO U. PACIFICO);85;1;CASA CENTRAL;13101;Santiago;13;Metropolitana de Santiago;1
UNIVERSIDAD TECNOLOGICA METROPOLITANA;85;3;SEDE PROVIDENCIA;13123;Providencia;13;Metropolitana de Santiago;3
UNIVERSIDAD TECNOLOGICA METROPOLITANA;85;4;SEDE MACUL;13120;Ñuñoa;13;Metropolitana de Santiago;3
PONTIFICIA UNIVERSIDAD CATOLICA DE CHILE;86;1;CASA CENTRAL;13101;Santiago;13;Metropolitana de Santiago;5
PONTIFICIA UNIVERSIDAD CATOLICA DE CHILE;86;2;SEDE VILLARRICA;09120;Villarrica;09;La Araucanía;5
PONTIFICIA UNIVERSIDAD CATOLICA DE CHILE;86;3;CAMPUS ORIENTE;13120;Ñuñoa;13;Metropolitana de Santiago;5
PONTIFICIA UNIVERSIDAD CATOLICA DE CHILE;86;4;SEDE LO CONTADOR;13123;Providencia;13;Metropolitana de Santiago;5
PONTIFICIA UNIVERSIDAD CATOLICA DE CHILE;86;5;CAMPUS SAN JOAQUIN;13118;Macul;13;Metropolitana de Santiago;5
UNIVERSIDAD DE CONCEPCION;87;1;CASA CENTRAL;08101;Concepción;08;Biobío;3
UNIVERSIDAD DE CONCEPCION;87;2;SEDE CHILLAN;16101;Chillán;16;Ñuble;3
UNIVERSIDAD DE CONCEPCION;87;3;SEDE LOS ANGELES;08301;Los Angeles;08;Biobío;3
UNIVERSIDAD TECNICA FEDERICO SANTA MARIA;88;1;CAMPUS CASA CENTRAL VALPARAISO;05101;Valparaíso;05;Valparaíso;5
UNIVERSIDAD TECNICA FEDERICO SANTA MARIA;88;2;SEDE VIÑA DEL MAR - JOSE MIGUEL CARRERA;05109;Viña del Mar;05;Valparaíso;5
UNIVERSIDAD TECNICA FEDERICO SANTA MARIA;88;3;SEDE CONCEPCION - REY BALDUINO DE BELGICA;08112;Hualpén;08;Biobío;5
UNIVERSIDAD TECNICA FEDERICO SANTA MARIA;88;4;CAMPUS SANTIAGO VITACURA;13132;Vitacura;13;Metropolitana de Santiago;5
UNIVERSIDAD TECNICA FEDERICO SANTA MARIA;88;6;CAMPUS SANTIAGO SAN JOAQUIN;13129;San Joaquín;13;Metropolitana de Santiago;5
PONTIFICIA UNIVERSIDAD CATOLICA DE VALPARAISO;89;1;CASA CENTRAL;05101;Valparaíso;05;Valparaíso;6
PONTIFICIA UNIVERSIDAD CATOLICA DE VALPARAISO;89;2;SANTIAGO;13123;Providencia;13;Metropolitana de Santiago;6
PONTIFICIA UNIVERSIDAD CATOLICA DE VALPARAISO;89;3;VIÑA DEL MAR;05109;Viña del Mar;05;Valparaíso;6
PONTIFICIA UNIVERSIDAD CATOLICA DE VALPARAISO;89;4;QUILPUE;05801;Quilpué;05;Valparaíso;6
PONTIFICIA UNIVERSIDAD CATOLICA DE VALPARAISO;89;5;QUILLOTA;05501;Quillota;05;Valparaíso;6
PONTIFICIA UNIVERSIDAD CATOLICA DE VALPARAISO;89;6;PUNTA ARENAS;12101;Punta Arenas;12;Magallanes y de la Antártica Chilena;6
UNIVERSIDAD AUSTRAL DE CHILE;90;1;CASA CENTRAL;14101;Valdivia;14;Los Ríos;3
UNIVERSIDAD AUSTRAL DE CHILE;90;2;SEDE PUERTO MONTT;10101;Puerto Montt;10;Los Lagos;3
UNIVERSIDAD AUSTRAL DE CHILE;90;4;SEDE COYHAIQUE;11101;Coyhaique;11;Aysén del General Carlos Ibáñez del Campo;3
UNIVERSIDAD CATOLICA DEL NORTE;91;1;CASA CENTRAL;02101;Antofagasta;02;Antofagasta;2
UNIVERSIDAD CATOLICA DEL NORTE;91;2;SEDE COQUIMBO;04102;Coquimbo;04;Coquimbo;2
UNIVERSIDAD CATOLICA DEL MAULE;92;1;CASA CENTRAL;07101;Talca;07;Maule;2
UNIVERSIDAD CATOLICA DEL MAULE;92;2;SEDE CURICO;07301;Curicó;07;Maule;2
UNIVERSIDAD CATOLICA DEL MAULE (* CARRERA EN CONVENIO UARCIS);92;4;SEDE SANTIAGO;13101;Santiago;13;Metropolitana de Santiago;2
UNIVERSIDAD CATOLICA DEL MAULE (* CARRERA EN CONVENIO UARCIS);92;5;SEDE CONCEPCION;08101;Concepción;08;Biobío;2
UNIVERSIDAD CATOLICA DE LA SANTISIMA CONCEPCION;93;1;CASA CENTRAL (CONCEPCION);08101;Concepción;08;Biobío;5
UNIVERSIDAD CATOLICA DE LA SANTISIMA CONCEPCION;93;2;IT SEDE TALCAHUANO;08110;Talcahuano;08;Biobío;5
UNIVERSIDAD CATOLICA DE LA SANTISIMA CONCEPCION;93;3;IT SEDE CAÑETE;08203;Cañete;08;Biobío;5
UNIVERSIDAD CATOLICA DE LA SANTISIMA CONCEPCION;93;4;IT SEDE CHILLAN;16101;Chillán;16;Ñuble;5
UNIVERSIDAD CATOLICA DE LA SANTISIMA CONCEPCION;93;5;IT SEDE LOS ANGELES;08301;Los Angeles;08;Biobío;5
UNIVERSIDAD CATOLICA DE TEMUCO;94;1;CASA CENTRAL (TEMUCO);09101;Temuco;09;La Araucanía;3
UNIVERSIDAD CATOLICA DE TEMUCO;94;2;CAMPUS SAN FRANCISCO;09101;Temuco;09;La Araucanía;3
UNIVERSIDAD CATOLICA DE TEMUCO;94;3;CAMPUS NORTE;09101;Temuco;09;La Araucanía;3
UNIVERSIDAD DE O'HIGGINS;895;1;SEDE RANCAGUA;06101;Rancagua;06;Libertador General Bernardo O'Higgins;2
UNIVERSIDAD DE O'HIGGINS;895;2;SEDE SAN FERNANDO;06301;San Fernando;06;Libertador General Bernardo O'Higgins;2
UNIVERSIDAD DE AYSEN;896;1;CASA CENTRAL;11101;Coyhaique;11;Aysén del General Carlos Ibáñez del Campo;1
IP AGRARIO ADOLFO MATTHEI;99;1;CASA CENTRAL (OSORNO);10301;Osorno;10;Los Lagos;1
IP INACAP;100;10;SEDE PUNTA ARENAS;12101;Punta Arenas;12;Magallanes y de la Antártica Chilena;29
IP INACAP;100;13;SEDE MAIPU;13119;Maipú;13;Metropolitana de Santiago;29
IP INACAP;100;14;SEDE ARICA;15101;Arica;15;Arica y Parinacota;29
IP INACAP;100;15;SEDE IQUIQUE;01101;Iquique;01;Tarapacá;29
IP INACAP;100;16;SEDE COPIAPO;03101;Copiapó;03;Atacama;29
IP INACAP;100;19;SEDE APOQUINDO;13114;Las Condes;13;Metropolitana de Santiago;29
IP INACAP;100;20;SEDE RENCA;13128;Renca;13;Metropolitana de Santiago;29
IP INACAP;100;21;SEDE PUERTO MONTT;10101;Puerto Montt;10;Los Lagos;29
IP INACAP;100;23;SEDE RANCAGUA;06101;Rancagua;06;Libertador General Bernardo O'Higgins;29
IP INACAP;100;24;SEDE VALPARAISO;05101;Valparaíso;05;Valparaíso;29
IP INACAP;100;26;SEDE OSORNO;10301;Osorno;10;Los Lagos;29
IP INACAP;100;28;SEDE COYHAIQUE;11101;Coyhaique;11;Aysén del General Carlos Ibáñez del Campo;29
IP INACAP;100;29;SEDE TALCA;07101;Talca;07;Maule;29
IP INACAP;100;30;SEDE LA SERENA;04101;La Serena;04;Coquimbo;29
IP INACAP;100;31;SEDE CHILLAN;16101;Chillán;16;Ñuble;29
IP INACAP;100;32;SEDE TEMUCO;09101;Temuco;09;La Araucanía;29
IP INACAP;100;33;SEDE CONCEPCION - TALCAHUANO;08110;Talcahuano;08;Biobío;29
IP INACAP;100;34;SEDE SANTIAGO CENTRO;13101;Santiago;13;Metropolitana de Santiago;29
IP INACAP;100;35;SEDE CURICO;07301;Curicó;07;Maule;29
IP INACAP;100;37;SEDE LOS ANGELES;08301;Los Angeles;08;Biobío;29
IP INACAP;100;38;SEDE SANTIAGO SUR;13118;Macul;13;Metropolitana de Santiago;29
IP INACAP;100;39;SEDE ÑUÑOA;13120;Ñuñoa;13;Metropolitana de Santiago;29
IP INACAP;100;40;SEDE PUENTE ALTO;13201;Puente Alto;13;Metropolitana de Santiago;29
IP INACAP;100;41;SEDE SAN PEDRO DE LA PAZ;08108;San Pedro de la Paz;08;Biobío;29
IP INACAP;100;42;SEDE LA GRANJA;13111;La Granja;13;Metropolitana de Santiago;29
IP INACAP;100;43;SEDE ONLINE;13132;Vitacura;13;Metropolitana de Santiago;29
IP INACAP;100;4;SEDE ANTOFAGASTA;02101;Antofagasta;02;Antofagasta;29
IP INACAP;100;5;SEDE CALAMA;02201;Calama;02;Antofagasta;29
IP INACAP;100;9;SEDE VALDIVIA;14101;Valdivia;14;Los Ríos;29
IP LIBERTADOR DE LOS ANDES;101;1;CASA CENTRAL (LOS ANDES);05301;Los Andes;05;Valparaíso;1
IP INSTITUTO DE ESTUDIOS BANCARIOS GUILLERMO SUBERCASEAUX;103;1;CASA CENTRAL (SANTIAGO);13101;Santiago;13;Metropolitana de Santiago;5
IP INSTITUTO DE ESTUDIOS BANCARIOS GUILLERMO SUBERCASEAUX;103;4;SEDE RANCAGUA;06101;Rancagua;06;Libertador General Bernardo O'Higgins;5
IP INSTITUTO DE ESTUDIOS BANCARIOS GUILLERMO SUBERCASEAUX;103;5;SEDE CONCEPCION;08101;Concepción;08;Biobío;5
IP INSTITUTO DE ESTUDIOS BANCARIOS GUILLERMO SUBERCASEAUX;103;6;SEDE TEMUCO;09101;Temuco;09;La Araucanía;5
IP INSTITUTO DE ESTUDIOS BANCARIOS GUILLERMO SUBERCASEAUX;103;8;SEDE VIÑA DEL MAR;05109;Viña del Mar;05;Valparaíso;5
IP ESCUELA DE CONTADORES AUDITORES DE SANTIAGO;104;1;CASA CENTRAL (SANTIAGO);13123;Providencia;13;Metropolitana de Santiago;1
IP PROVIDENCIA;106;3;CASA CENTRAL (SANTIAGO VICUÑA MACKENNA 3030);13118;Macul;13;Metropolitana de Santiago;3
IP PROVIDENCIA;106;5;SEDE CONCEPCION;08101;Concepción;08;Biobío;3
IP PROVIDENCIA;106;6;SEDE VICUÑA MACKENNA (SANTIAGO VICUÑA MACKENNA 380);13123;Providencia;13;Metropolitana de Santiago;3
IP CHILENO BRITANICO DE CULTURA;108;1;CASA CENTRAL (SANTIAGO);13101;Santiago;13;Metropolitana de Santiago;1
IP DUOC UC;111;10;SEDE PLAZA OESTE;13102;Cerrillos;13;Metropolitana de Santiago;20
IP DUOC UC;111;12;SEDE PUENTE ALTO;13201;Puente Alto;13;Metropolitana de Santiago;20
IP DUOC UC;111;15;SEDE MAIPU;13119;Maipú;13;Metropolitana de Santiago;20
IP DUOC UC;111;16;SEDE SAN JOAQUIN;13129;San Joaquín;13;Metropolitana de Santiago;20
IP DUOC UC;111;20;SEDE SAN BERNARDO;13401;San Bernardo;13;Metropolitana de Santiago;20
IP DUOC UC;111;21;SEDE PLAZA NORTE;13107;Huechuraba;13;Metropolitana de Santiago;20
IP DUOC UC;111;22;SEDE PADRE ALONSO DE OVALLE;13101;Santiago;13;Metropolitana de Santiago;20
IP DUOC UC;111;23;SEDE MELIPILLA;13501;Melipilla;13;Metropolitana de Santiago;20
IP DUOC UC;111;24;CAMPUS ARAUCO;08202;Arauco;08;Biobío;20
IP DUOC UC;111;25;SEDE PUERTO MONTT;10101;Puerto Montt;10;Los Lagos;20
IP DUOC UC;111;26;CAMPUS VILLARRICA;09120;Villarrica;09;La Araucanía;20
IP DUOC UC;111;27;CASA CENTRAL;13123;Providencia;13;Metropolitana de Santiago;20
IP DUOC UC;111;28;CAMPUS NACIMIENTO;08306;Nacimiento;08;Biobío;20
IP DUOC UC;111;2;SEDE VALPARAISO;05101;Valparaíso;05;Valparaíso;20
IP DUOC UC;111;3;SEDE CONCEPCION;08101;Concepción;08;Biobío;20
IP DUOC UC;111;4;SEDE VIÑA DEL MAR;05109;Viña del Mar;05;Valparaíso;20
IP DUOC UC;111;5;SEDE ANTONIO VARAS;13123;Providencia;13;Metropolitana de Santiago;20
IP DUOC UC;111;6;SEDE SAN CARLOS DE APOQUINDO;13114;Las Condes;13;Metropolitana de Santiago;20
IP DUOC UC;111;7;SEDE ALAMEDA;13101;Santiago;13;Metropolitana de Santiago;20
IP DUOC UC;111;9;SEDE PLAZA VESPUCIO;13110;La Florida;13;Metropolitana de Santiago;20
IP IPG;113;10;SEDE PANGUIPULLI;14108;Panguipulli;14;Los Ríos;7
IP IPG;113;11;SEDE LA UNION;14201;La Unión;14;Los Ríos;7
IP IPG;113;12;SEDE MEJILLONES;02102;Mejillones;02;Antofagasta;7
IP IPG;113;5;SEDE ARAUCO;08202;Arauco;08;Biobío;7
IP IPG;113;6;SEDE CONCEPCION;08101;Concepción;08;Biobío;7
IP IPG;113;7;SEDE PROVIDENCIA;13123;Providencia;13;Metropolitana de Santiago;7
IP IPG;113;8;SEDE RANCAGUA;06101;Rancagua;06;Libertador General Bernardo O'Higgins;7
IP SANTO TOMAS;116;10;SEDE ANTOFAGASTA;02101;Antofagasta;02;Antofagasta;21
IP SANTO TOMAS;116;11;SEDE LA SERENA;04101;La Serena;04;Coquimbo;21
IP SANTO TOMAS;116;15;SEDE LOS ANGELES;08301;Los Angeles;08;Biobío;21
IP SANTO TOMAS;116;16;SEDE OSORNO;10301;Osorno;10;Los Lagos;21
IP SANTO TOMAS;116;17;SEDE TEMUCO;09101;Temuco;09;La Araucanía;21
IP SANTO TOMAS;116;18;SEDE OVALLE;04301;Ovalle;04;Coquimbo;21
IP SANTO TOMAS;116;19;SEDE CURICO;07301;Curicó;07;Maule;21
IP SANTO TOMAS;116;25;SEDE RANCAGUA;06101;Rancagua;06;Libertador General Bernardo O'Higgins;21
IP SANTO TOMAS;116;28;SEDE PUNTA ARENAS;12101;Punta Arenas;12;Magallanes y de la Antártica Chilena;21
IP SANTO TOMAS;116;2;SEDE IQUIQUE;01101;Iquique;01;Tarapacá;21
IP SANTO TOMAS;116;30;SEDE COPIAPO;03101;Copiapó;03;Atacama;21
IP SANTO TOMAS;116;31;SEDE SANTIAGO;13101;Santiago;13;Metropolitana de Santiago;21
IP SANTO TOMAS;116;32;SEDE VALDIVIA;14101;Valdivia;14;Los Ríos;21
IP SANTO TOMAS;116;34;SEDE CONCEPCION;08101;Concepción;08;Biobío;21
IP SANTO TOMAS;116;36;SEDE CHILLAN;16101;Chillán;16;Ñuble;21
IP SANTO TOMAS;116;39;SEDE SAN JOAQUIN;13129;San Joaquín;13;Metropolitana de Santiago;21
IP SANTO TOMAS;116;40;SEDE VIRTUAL;13129;San Joaquín;13;Metropolitana de Santiago;21
IP SANTO TOMAS;116;4;SEDE VIÑA DEL MAR;05109;Viña del Mar;05;Valparaíso;21
IP SANTO TOMAS;116;6;SEDE TALCA;07101;Talca;07;Maule;21
IP SANTO TOMAS;116;8;SEDE PUERTO MONTT;10101;Puerto Montt;10;Los Lagos;21
IP SANTO TOMAS;116;9;SEDE ARICA;15101;Arica;15;Arica y Parinacota;21
IP IACC;117;1;CASA CENTRAL (SANTIAGO);13123;Providencia;13;Metropolitana de Santiago;1
IP DIEGO PORTALES;120;1;CASA CENTRAL (CONCEPCION);08101;Concepción;08;Biobío;5
IP DIEGO PORTALES;120;2;SEDE VIÑA DEL MAR;05109;Viña del Mar;05;Valparaíso;5
IP DIEGO PORTALES;120;3;SEDE CHILLAN;16101;Chillán;16;Ñuble;5
IP DIEGO PORTALES;120;4;SEDE SANTIAGO - ÑUÑOA;13120;Ñuñoa;13;Metropolitana de Santiago;5
IP DIEGO PORTALES;120;6;SEDE SANTIAGO - EL BOSQUE;13105;El Bosque;13;Metropolitana de Santiago;5
IP DE CHILE;123;1;SEDE LA SERENA;04101;La Serena;04;Coquimbo;5
IP DE CHILE;123;2;CASA CENTRAL (SANTIAGO);13101;Santiago;13;Metropolitana de Santiago;5
IP DE CHILE;123;3;SEDE RANCAGUA;06101;Rancagua;06;Libertador General Bernardo O'Higgins;5
IP DE CHILE;123;4;SEDE SAN JOAQUIN;13129;San Joaquín;13;Metropolitana de Santiago;5
IP DE CHILE;123;5;SEDE TEMUCO;09101;Temuco;09;La Araucanía;5
IP ESCUELA MODERNA DE MUSICA;129;1;CASA CENTRAL (SANTIAGO);13132;Vitacura;13;Metropolitana de Santiago;2
IP ESCUELA MODERNA DE MUSICA;129;2;SEDE VIÑA DEL MAR;05109;Viña del Mar;05;Valparaíso;2
IP ESUCOMEX;132;2;CASA CENTRAL (SANTIAGO);13101;Santiago;13;Metropolitana de Santiago;3
IP ESUCOMEX;132;3;SEDE PROVIDENCIA;13123;Providencia;13;Metropolitana de Santiago;3
IP ESUCOMEX;132;4;SEDE TALCAHUANO;08110;Talcahuano;08;Biobío;3
IP EATRI;137;1;CASA CENTRAL;13123;Providencia;13;Metropolitana de Santiago;1
IP DR. VIRGINIO GOMEZ G.;139;1;SEDE LOS ANGELES;08301;Los Angeles;08;Biobío;3
IP DR. VIRGINIO GOMEZ G.;139;2;SEDE CHILLAN;16101;Chillán;16;Ñuble;3
IP DR. VIRGINIO GOMEZ G.;139;3;CASA CENTRAL (CONCEPCION);08101;Concepción;08;Biobío;3
IP AIEP;143;0;SEDE LOS ANGELES;08301;Los Angeles;08;Biobío;26
IP AIEP;143;10;SEDE CURICO;07301;Curicó;07;Maule;26
IP AIEP;143;12;SEDE PUERTO MONTT;10101;Puerto Montt;10;Los Lagos;26
IP AIEP;143;13;SEDE CONCEPCION;08101;Concepción;08;Biobío;26
IP AIEP;143;15;SEDE BARRIO UNIVERSITARIO;13101;Santiago;13;Metropolitana de Santiago;26
IP AIEP;143;17;SEDE LA SERENA;04101;La Serena;04;Coquimbo;26
IP AIEP;143;20;SEDE TEMUCO;09101;Temuco;09;La Araucanía;26
IP AIEP;143;21;SEDE SAN FELIPE;05701;San Felipe;05;Valparaíso;26
IP AIEP;143;22;SEDE TALCA;07101;Talca;07;Maule;26
IP AIEP;143;23;SEDE SAN JOAQUIN;13129;San Joaquín;13;Metropolitana de Santiago;26
IP AIEP;143;24;SEDE VALPARAISO;05101;Valparaíso;05;Valparaíso;26
IP AIEP;143;25;SEDE OSORNO;10301;Osorno;10;Los Lagos;26
IP AIEP;143;26;SEDE BELLAVISTA;13101;Santiago;13;Metropolitana de Santiago;26
IP AIEP;143;27;SEDE SANTIAGO NORTE;13104;Conchalí;13;Metropolitana de Santiago;26
IP AIEP;143;28;SEDE ONLINE;13104;Conchalí;13;Metropolitana de Santiago;26
IP AIEP;143;29;SEDE MAIPU;13119;Maipú;13;Metropolitana de Santiago;26
IP AIEP;143;2;SEDE ANTOFAGASTA;02101;Antofagasta;02;Antofagasta;26
IP AIEP;143;30;SEDE SAN BERNARDO;13401;San Bernardo;13;Metropolitana de Santiago;26
IP AIEP;143;31;SEDE SAN ANTONIO;05601;San Antonio;05;Valparaíso;26
IP AIEP;143;32;SEDE CASTRO;10201;Castro;10;Los Lagos;26
IP AIEP;143;33;SEDE CHILLAN;16101;Chillán;16;Ñuble;26
IP AIEP;143;5;SEDE CALAMA;02201;Calama;02;Antofagasta;26
IP AIEP;143;6;SEDE VIÑA DEL MAR;05109;Viña del Mar;05;Valparaíso;26
IP AIEP;143;7;SEDE PROVIDENCIA;13123;Providencia;13;Metropolitana de Santiago;26
IP AIEP;143;8;SEDE SAN FERNANDO;06301;San Fernando;06;Libertador General Bernardo O'Higgins;26
IP AIEP;143;9;SEDE RANCAGUA;06101;Rancagua;06;Libertador General Bernardo O'Higgins;26
IP ARCOS;144;10;SEDE V REGION;05109;Viña del Mar;05;Valparaíso;2
IP ARCOS;144;1;CASA CENTRAL (SANTIAGO);13101;Santiago;13;Metropolitana de Santiago;2
IP LATINOAMERICANO DE COMERCIO EXTERIOR - IPLACEX;152;10;SEDE SANTIAGO;13101;Santiago;13;Metropolitana de Santiago;3
IP LATINOAMERICANO DE COMERCIO EXTERIOR - IPLACEX;152;12;SEDE TALCA;07101;Talca;07;Maule;3
IP LATINOAMERICANO DE COMERCIO EXTERIOR - IPLACEX;152;9;SEDE COPIAPO;03101;Copiapó;03;Atacama;3
IP LOS LEONES;155;2;CASA CENTRAL (SANTIAGO);13101;Santiago;13;Metropolitana de Santiago;2
IP LOS LEONES;155;3;SEDE VIÑA DEL MAR;05109;Viña del Mar;05;Valparaíso;2
IP SAN SEBASTIAN;162;2;CASA CENTRAL (SANTIAGO);13101;Santiago;13;Metropolitana de Santiago;1
IP LOS LAGOS;165;11;SEDE SAN ANTONIO;05601;San Antonio;05;Valparaíso;9
IP LOS LAGOS;165;13;SEDE SAN FERNANDO;06301;San Fernando;06;Libertador General Bernardo O'Higgins;9
IP LOS LAGOS;165;14;SEDE TALCA;07101;Talca;07;Maule;9
IP LOS LAGOS;165;16;SEDE TEMUCO;09101;Temuco;09;La Araucanía;9
IP LOS LAGOS;165;17;SEDE VALDIVIA;14101;Valdivia;14;Los Ríos;9
IP LOS LAGOS;165;18;SEDE COYHAIQUE;11101;Coyhaique;11;Aysén del General Carlos Ibáñez del Campo;9
IP LOS LAGOS;165;4;SEDE RANCAGUA;06101;Rancagua;06;Libertador General Bernardo O'Higgins;9
IP LOS LAGOS;165;5;SEDE LOS ANGELES;08301;Los Angeles;08;Biobío;9
IP LOS LAGOS;165;8;SEDE QUILLOTA;05501;Quillota;05;Valparaíso;9
IP DE CIENCIAS DE LA COMPUTACION ACUARIO DATA;170;1;CASA CENTRAL (SANTIAGO);13101;Santiago;13;Metropolitana de Santiago;1
IP ESCUELA DE COMERCIO DE SANTIAGO;171;1;CASA CENTRAL (SANTIAGO);13101;Santiago;13;Metropolitana de Santiago;1
IP DEL VALLE CENTRAL;176;10;SEDE CHILLAN;16101;Chillán;16;Ñuble;11
IP DEL VALLE CENTRAL;176;11;SEDE LOS ANGELES;08301;Los Angeles;08;Biobío;11
IP DEL VALLE CENTRAL;176;16;SEDE BUIN;13402;Buin;13;Metropolitana de Santiago;11
IP DEL VALLE CENTRAL;176;18;SEDE PUERTO MONTT;10101;Puerto Montt;10;Los Lagos;11
IP DEL VALLE CENTRAL;176;1;SEDE TALCA;07101;Talca;07;Maule;11
IP DEL VALLE CENTRAL;176;2;SEDE CONSTITUCION;07102;Constitución;07;Maule;11
IP DEL VALLE CENTRAL;176;3;SEDE LA SERENA;04101;La Serena;04;Coquimbo;11
IP DEL VALLE CENTRAL;176;6;SEDE CURICO;07301;Curicó;07;Maule;11
IP DEL VALLE CENTRAL;176;7;CASA CENTRAL (CONCEPCION);08101;Concepción;08;Biobío;11
IP DEL VALLE CENTRAL;176;8;SEDE OVALLE;04301;Ovalle;04;Coquimbo;11
IP DEL VALLE CENTRAL;176;9;SEDE SANTIAGO CENTRO;13101;Santiago;13;Metropolitana de Santiago;11
IP INSTITUTO NACIONAL DEL FUTBOL;193;2;CASA CENTRAL (SANTIAGO-PEÑALOLEN);13122;Peñalolén;13;Metropolitana de Santiago;1
IP INSTITUTO INTERNACIONAL DE ARTES CULINARIAS Y SERVICIOS;676;0;SEDE SANTIAGO;13115;Lo Barnechea;13;Metropolitana de Santiago;2
IP INSTITUTO INTERNACIONAL DE ARTES CULINARIAS Y SERVICIOS;676;2;SEDE VIÑA DEL MAR;05109;Viña del Mar;05;Valparaíso;2
IP PROJAZZ;693;0;CASA CENTRAL;13123;Providencia;13;Metropolitana de Santiago;1
IP ESCUELA DE CINE DE CHILE;714;2;CASA CENTRAL (MACUL-SANTIAGO);13118;Macul;13;Metropolitana de Santiago;1
IP ESCUELA DE MARINA MERCANTE PILOTO PARDO;754;1;VALPARAISO;05101;Valparaíso;05;Valparaíso;1
IP CICERON;951;1;CASA CENTRAL;05101;Valparaíso;05;Valparaíso;1
ESCUELA DE ESPECIALIDADES SARGENTO PRIMERO ADOLFO MENADIER ROJAS;671;2;ESCUELA DE ESPECIALIDADES SARGENTO PRIMERO ADOLFO MENADIER ROJAS;13101;Santiago;13;Metropolitana de Santiago;1
ESCUELA DE CARABINEROS DE CHILE DEL GENERAL CARLOS IBAÑEZ DEL CAMPO;672;1;ESCUELA DE CARABINEROS;13101;Santiago;13;Metropolitana de Santiago;1
ESCUELA DE INVESTIGACIONES POLICIALES;673;3;ESCUELA DE INVESTIGACIONES POLICIALES;13106;Estación Central;13;Metropolitana de Santiago;1
ACADEMIA NACIONAL DE ESTUDIOS POLITICOS Y ESTRATEGICOS ANEPE;674;0;ANEPE;13101;Santiago;13;Metropolitana de Santiago;1
ESCUELA TECNICA AERONAUTICA, DIRECCION GENERAL DE AERONAUTICA CIVIL;675;1;ESCUELA TECNICA AERONAUTICA;13106;Estación Central;13;Metropolitana de Santiago;1
ESCUELA MILITAR DEL LIBERTADOR GENERAL BERNARDO O'HIGGINS;728;0;SEDE ESCUELA MILITAR;13101;Santiago;13;Metropolitana de Santiago;2
ESCUELA MILITAR DEL LIBERTADOR GENERAL BERNARDO O'HIGGINS;728;5;SEDE ESCUELA DE SUBOFICIALES;13101;Santiago;13;Metropolitana de Santiago;2
ESCUELA NAVAL ARTURO PRAT;740;6;ESCUELA NAVAL;05101;Valparaíso;05;Valparaíso;1
ESCUELA DE AVIACION CAPITAN MANUEL AVALOS PRADO;741;1;ESCUELA DE AVIACION CAPITAN MANUEL AVALOS PRADO;13105;El Bosque;13;Metropolitana de Santiago;1
CFT INSTITUTO CENTRAL DE CAPACITACION EDUCACIONAL ICCE;214;1;CASA CENTRAL (SANTIAGO);13101;Santiago;13;Metropolitana de Santiago;2
CFT INSTITUTO CENTRAL DE CAPACITACION EDUCACIONAL ICCE;214;20;SEDE QUILPUE;05801;Quilpué;05;Valparaíso;2
CFT DE ENAC;218;1;CASA CENTRAL (SANTIAGO);13101;Santiago;13;Metropolitana de Santiago;1
CFT CENTRO TECNOLOGICO SUPERIOR INFOMED;236;1;CASA CENTRAL (SANTIAGO);13120;Ñuñoa;13;Metropolitana de Santiago;1
CFT INSTITUTO SUPERIOR ALEMAN DE COMERCIO INSALCO;241;1;CASA CENTRAL (SANTIAGO);13132;Vitacura;13;Metropolitana de Santiago;1
CFT JUAN BOHON;257;1;CASA CENTRAL (LA SERENA);04101;La Serena;04;Coquimbo;1
CFT SANTO TOMAS;260;11;SEDE TEMUCO;09101;Temuco;09;La Araucanía;23
CFT SANTO TOMAS;260;12;SEDE VALDIVIA;14101;Valdivia;14;Los Ríos;23
CFT SANTO TOMAS;260;1;SEDE ARICA;15101;Arica;15;Arica y Parinacota;23
CFT SANTO TOMAS;260;21;SEDE SANTIAGO;13101;Santiago;13;Metropolitana de Santiago;23
CFT SANTO TOMAS;260;22;SEDE LA SERENA;04101;La Serena;04;Coquimbo;23
CFT SANTO TOMAS;260;25;SEDE TALCA;07101;Talca;07;Maule;23
CFT SANTO TOMAS;260;2;SEDE IQUIQUE;01101;Iquique;01;Tarapacá;23
CFT SANTO TOMAS;260;34;SEDE LOS ANGELES;08301;Los Angeles;08;Biobío;23
CFT SANTO TOMAS;260;35;SEDE OSORNO;10301;Osorno;10;Los Lagos;23
CFT SANTO TOMAS;260;37;SEDE PUERTO MONTT;10101;Puerto Montt;10;Los Lagos;23
CFT SANTO TOMAS;260;38;SEDE VIÑA DEL MAR;05109;Viña del Mar;05;Valparaíso;23
CFT SANTO TOMAS;260;3;SEDE ANTOFAGASTA;02101;Antofagasta;02;Antofagasta;23
CFT SANTO TOMAS;260;41;SEDE RANCAGUA;06101;Rancagua;06;Libertador General Bernardo O'Higgins;23
CFT SANTO TOMAS;260;42;SEDE CHILLAN;16101;Chillán;16;Ñuble;23
CFT SANTO TOMAS;260;43;SEDE COPIAPO;03101;Copiapó;03;Atacama;23
CFT SANTO TOMAS;260;44;SEDE PUNTA ARENAS;12101;Punta Arenas;12;Magallanes y de la Antártica Chilena;23
CFT SANTO TOMAS;260;45;SEDE CONCEPCION;08101;Concepción;08;Biobío;23
CFT SANTO TOMAS;260;47;SEDE PUENTE ALTO;13201;Puente Alto;13;Metropolitana de Santiago;23
CFT SANTO TOMAS;260;49;SEDE ESTACION CENTRAL;13106;Estación Central;13;Metropolitana de Santiago;23
CFT SANTO TOMAS;260;50;SEDE SAN JOAQUIN;13129;San Joaquín;13;Metropolitana de Santiago;23
CFT SANTO TOMAS;260;51;SEDE VIRTUAL;13101;Santiago;13;Metropolitana de Santiago;23
CFT SANTO TOMAS;260;5;SEDE OVALLE;04301;Ovalle;04;Coquimbo;23
CFT SANTO TOMAS;260;8;SEDE CURICO;07301;Curicó;07;Maule;23
CFT MASSACHUSETTS;273;1;CASA CENTRAL (TALCA);07101;Talca;07;Maule;2
CFT MASSACHUSETTS;273;3;SEDE LINARES;07401;Linares;07;Maule;2
CFT LOS LAGOS;280;10;SEDE TALCA;07101;Talca;07;Maule;9
CFT LOS LAGOS;280;12;SEDE LOS ANGELES;08301;Los Angeles;08;Biobío;9
CFT LOS LAGOS;280;13;SEDE TEMUCO;09101;Temuco;09;La Araucanía;9
CFT LOS LAGOS;280;14;SEDE VALDIVIA;14101;Valdivia;14;Los Ríos;9
CFT LOS LAGOS;280;15;SEDE COYHAIQUE;11101;Coyhaique;11;Aysén del General Carlos Ibáñez del Campo;9
CFT LOS LAGOS;280;1;SEDE SAN ANTONIO;05601;San Antonio;05;Valparaíso;9
CFT LOS LAGOS;280;5;SEDE QUILLOTA;05501;Quillota;05;Valparaíso;9
CFT LOS LAGOS;280;8;SEDE RANCAGUA;06101;Rancagua;06;Libertador General Bernardo O'Higgins;9
CFT LOS LAGOS;280;9;SEDE SAN FERNANDO;06301;San Fernando;06;Libertador General Bernardo O'Higgins;9
CFT CENCO;312;1;CASA CENTRAL (SANTIAGO);13101;Santiago;13;Metropolitana de Santiago;1
CFT PRODATA;319;8;SEDE VIÑA DEL MAR;05109;Viña del Mar;05;Valparaíso;1
CFT INSTITUTO SUPERIOR DE ESTUDIOS JURIDICOS CANON;328;12;SEDE PUERTO SAAVEDRA;09116;Saavedra;09;La Araucanía;8
CFT INSTITUTO SUPERIOR DE ESTUDIOS JURIDICOS CANON;328;14;SEDE FUTRONO;14202;Futrono;14;Los Ríos;8
CFT INSTITUTO SUPERIOR DE ESTUDIOS JURIDICOS CANON;328;1;CASA CENTRAL (SANTIAGO);13101;Santiago;13;Metropolitana de Santiago;8
CFT INSTITUTO SUPERIOR DE ESTUDIOS JURIDICOS CANON;328;21;SEDE LANCO;14103;Lanco;14;Los Ríos;8
CFT INSTITUTO SUPERIOR DE ESTUDIOS JURIDICOS CANON;328;23;SEDE LONCOCHE;09109;Loncoche;09;La Araucanía;8
CFT INSTITUTO SUPERIOR DE ESTUDIOS JURIDICOS CANON;328;27;SEDE PUCON;09115;Pucón;09;La Araucanía;8
CFT INSTITUTO SUPERIOR DE ESTUDIOS JURIDICOS CANON;328;5;SEDE VILCUN;09119;Vilcún;09;La Araucanía;8
CFT INSTITUTO SUPERIOR DE ESTUDIOS JURIDICOS CANON;328;8;SEDE VILLARRICA;09120;Villarrica;09;La Araucanía;8
CFT IPROSEC;331;1;CASA CENTRAL (OSORNO);10301;Osorno;10;Los Lagos;1
CFT SAN AGUSTIN;367;1;CASA CENTRAL (TALCA);07101;Talca;07;Maule;4
CFT SAN AGUSTIN;367;2;SEDE CAUQUENES;07201;Cauquenes;07;Maule;4
CFT SAN AGUSTIN;367;3;SEDE LINARES;07401;Linares;07;Maule;4
CFT SAN AGUSTIN;367;4;SEDE CURICO;07301;Curicó;07;Maule;4
CFT ICEL;374;1;CASA CENTRAL;13101;Santiago;13;Metropolitana de Santiago;2
CFT ICEL;374;4;SEDE ALAMEDA;13101;Santiago;13;Metropolitana de Santiago;2
CFT ALPES;382;1;CASA CENTRAL (SANTIAGO);13101;Santiago;13;Metropolitana de Santiago;1
CFT EDUCAP;398;1;CASA CENTRAL (QUILLOTA);05501;Quillota;05;Valparaíso;1
CFT ESCUELA DE COMERCIO;426;1;CASA CENTRAL (SANTIAGO);13101;Santiago;13;Metropolitana de Santiago;1
CFT LAPLACE;427;2;SEDE LOS ANDES;05301;Los Andes;05;Valparaíso;2
CFT LAPLACE;427;4;SEDE COLINA;13301;Colina;13;Metropolitana de Santiago;2
CFT INACAP;430;10;SEDE RENCA;13128;Renca;13;Metropolitana de Santiago;29
CFT INACAP;430;12;SEDE MAIPU;13119;Maipú;13;Metropolitana de Santiago;29
CFT INACAP;430;14;SEDE APOQUINDO;13114;Las Condes;13;Metropolitana de Santiago;29
CFT INACAP;430;15;SEDE SANTIAGO CENTRO;13101;Santiago;13;Metropolitana de Santiago;29
CFT INACAP;430;16;SEDE RANCAGUA;06101;Rancagua;06;Libertador General Bernardo O'Higgins;29
CFT INACAP;430;1;SEDE ANTOFAGASTA;02101;Antofagasta;02;Antofagasta;29
CFT INACAP;430;20;SEDE VALDIVIA;14101;Valdivia;14;Los Ríos;29
CFT INACAP;430;21;SEDE PUNTA ARENAS;12101;Punta Arenas;12;Magallanes y de la Antártica Chilena;29
CFT INACAP;430;22;SEDE CHILLAN;16101;Chillán;16;Ñuble;29
CFT INACAP;430;23;SEDE PUERTO MONTT;10101;Puerto Montt;10;Los Lagos;29
CFT INACAP;430;24;SEDE COYHAIQUE;11101;Coyhaique;11;Aysén del General Carlos Ibáñez del Campo;29
CFT INACAP;430;25;SEDE OSORNO;10301;Osorno;10;Los Lagos;29
CFT INACAP;430;26;SEDE TALCA;07101;Talca;07;Maule;29
CFT INACAP;430;27;SEDE LA SERENA;04101;La Serena;04;Coquimbo;29
CFT INACAP;430;28;SEDE TEMUCO;09101;Temuco;09;La Araucanía;29
CFT INACAP;430;29;SEDE LOS ANGELES;08301;Los Angeles;08;Biobío;29
CFT INACAP;430;2;SEDE ARICA;15101;Arica;15;Arica y Parinacota;29
CFT INACAP;430;30;SEDE CONCEPCION - TALCAHUANO;08110;Talcahuano;08;Biobío;29
CFT INACAP;430;33;SEDE CURICO;07301;Curicó;07;Maule;29
CFT INACAP;430;34;SEDE ÑUÑOA;13120;Ñuñoa;13;Metropolitana de Santiago;29
CFT INACAP;430;36;SEDE SANTIAGO SUR (MACUL);13118;Macul;13;Metropolitana de Santiago;29
CFT INACAP;430;37;SEDE PUENTE ALTO;13201;Puente Alto;13;Metropolitana de Santiago;29
CFT INACAP;430;38;SEDE SAN PEDRO DE LA PAZ;08108;San Pedro de la Paz;08;Biobío;29
CFT INACAP;430;39;SEDE LA GRANJA;13111;La Granja;13;Metropolitana de Santiago;29
CFT INACAP;430;3;SEDE IQUIQUE;01101;Iquique;01;Tarapacá;29
CFT INACAP;430;40;SEDE ONLINE;13132;Vitacura;13;Metropolitana de Santiago;29
CFT INACAP;430;4;SEDE CALAMA;02201;Calama;02;Antofagasta;29
CFT INACAP;430;5;SEDE COPIAPO;03101;Copiapó;03;Atacama;29
CFT INACAP;430;9;SEDE VALPARAISO;05101;Valparaíso;05;Valparaíso;29
CFT DEL MEDIO AMBIENTE;435;1;CASA CENTRAL (SANTIAGO);13120;Ñuñoa;13;Metropolitana de Santiago;2
CFT DEL MEDIO AMBIENTE;435;2;SEDE BUIN;13402;Buin;13;Metropolitana de Santiago;2
CFT LOTA-ARAUCO;450;1;CASA CENTRAL (LOTA);08106;Lota;08;Biobío;2
CFT LOTA-ARAUCO;450;2;SEDE CAÑETE;08203;Cañete;08;Biobío;2
CFT CEDUC - UCN;456;1;CASA CENTRAL (COQUIMBO);04102;Coquimbo;04;Coquimbo;6
CFT CEDUC - UCN;456;2;SEDE ANTOFAGASTA;02101;Antofagasta;02;Antofagasta;6
CFT CEDUC - UCN;456;3;SEDE LEBU;08201;Lebu;08;Biobío;6
CFT CEDUC - UCN;456;4;SEDE HUALPEN;08112;Hualpén;08;Biobío;6
CFT CEDUC - UCN;456;5;SEDE CHOAPA;04203;Los Vilos;04;Coquimbo;6
CFT CEDUC - UCN;456;6;SEDE CHILOE;10201;Castro;10;Los Lagos;6
CFT ASISTE;534;1;CASA CENTRAL (SANTIAGO);13101;Santiago;13;Metropolitana de Santiago;1
CFT PUCV;629;0;CASA CENTRAL (VALPARAISO);05101;Valparaíso;05;Valparaíso;9
CFT PUCV;629;2;SEDE LA CALERA;05502;Calera;05;Valparaíso;9
CFT PUCV;629;3;SEDE VIÑA DEL MAR;05109;Viña del Mar;05;Valparaíso;9
CFT PUCV;629;4;CAMPUS QUILLOTA;05501;Quillota;05;Valparaíso;9
CFT PUCV;629;5;CAMPUS LIMACHE;05802;Limache;05;Valparaíso;9
CFT PUCV;629;6;SEDE LA LIGUA;05401;La Ligua;05;Valparaíso;9
CFT PUCV;629;7;COSTA NORTE;05105;Puchuncaví;05;Valparaíso;9
CFT PUCV;629;8;SEDE CABILDO;05402;Cabildo;05;Valparaíso;9
CFT PUCV;629;9;SEDE QUINTERO;05107;Quintero;05;Valparaíso;9
CFT TEODORO WICKEL KLUWEN;633;0;CASA CENTRAL (TEMUCO);09101;Temuco;09;La Araucanía;2
CFT TEODORO WICKEL KLUWEN;633;2;SEDE ANGOL;09201;Angol;09;La Araucanía;2
CFT PROFASOC;691;0;CASA CENTRAL (RIO BUENO);14204;Río Bueno;14;Los Ríos;1
CFT MANPOWER;701;0;CASA CENTRAL (SANTIAGO);13101;Santiago;13;Metropolitana de Santiago;1
CFT ESCUELA CULINARIA FRANCESA;730;1;CASA CENTRAL (LAS CONDES);13114;Las Condes;13;Metropolitana de Santiago;1
CFT DE LA REGION DE ARICA Y PARINACOTA;902;1;CAMPUS LAS ACACIAS;15101;Arica;15;Arica y Parinacota;1
CFT DE LA REGION DE TARAPACA;906;1;SEDE CENTRAL ALTO HOSPICIO;01107;Alto Hospicio;01;Tarapacá;1
CFT DE LA REGION DE ANTOFAGASTA;908;1;CASA CENTRAL;02201;Calama;02;Antofagasta;1
CFT DE LA REGION DE ATACAMA;909;1;CASA CENTRAL;03201;Chañaral;03;Atacama;2
CFT DE LA REGION DE ATACAMA;909;2;CAMPUS PAIPOTE;03101;Copiapó;03;Atacama;2
CFT DE LA REGION DE COQUIMBO;910;1;SEDE OVALLE;04301;Ovalle;04;Coquimbo;7
CFT DE LA REGION DE COQUIMBO;910;2;SEDE LA SERENA;04101;La Serena;04;Coquimbo;7
CFT DE LA REGION DE COQUIMBO;910;3;SEDE CANELA;04202;Canela;04;Coquimbo;7
CFT DE LA REGION DE COQUIMBO;910;4;SEDE VICUÑA;04106;Vicuña;04;Coquimbo;7
CFT DE LA REGION DE COQUIMBO;910;5;SEDE MONTE PATRIA;04303;Monte Patria;04;Coquimbo;7
CFT DE LA REGION DE COQUIMBO;910;6;SEDE ANDACOLLO;04103;Andacollo;04;Coquimbo;7
CFT DE LA REGION DE COQUIMBO;910;7;SEDE ILLAPEL;04201;Illapel;04;Coquimbo;7
CFT DE LA REGION DE VALPARAISO;911;1;SEDE VIÑA DEL MAR;05109;Viña del Mar;05;Valparaíso;3
CFT DE LA REGION DE VALPARAISO;911;2;SEDE SAN ANTONIO;05601;San Antonio;05;Valparaíso;3
CFT DE LA REGION DE VALPARAISO;911;3;SEDE LOS ANDES;05301;Los Andes;05;Valparaíso;3
CFT DE LA REGION METROPOLITANA DE SANTIAGO;912;1;CASA CENTRAL;13122;Peñalolén;13;Metropolitana de Santiago;3
CFT DE LA REGION METROPOLITANA DE SANTIAGO;912;2;PEÑAFLOR;13605;Peñaflor;13;Metropolitana de Santiago;3
CFT DE LA REGION METROPOLITANA DE SANTIAGO;912;3;ESTACION CENTRAL;13106;Estación Central;13;Metropolitana de Santiago;3
CFT DE LA REGION DEL LIBERTADOR GENERAL BERNARDO O'HIGGINS;913;1;SEDE SAN VICENTE;06117;San Vicente;06;Libertador General Bernardo O'Higgins;3
CFT DE LA REGION DEL LIBERTADOR GENERAL BERNARDO O'HIGGINS;913;2;SEDE PICHILEMU;06201;Pichilemu;06;Libertador General Bernardo O'Higgins;3
CFT DE LA REGION DEL LIBERTADOR GENERAL BERNARDO O'HIGGINS;913;3;SEDE SAN FERNANDO;06301;San Fernando;06;Libertador General Bernardo O'Higgins;3
CFT DE LA REGION DEL MAULE;914;1;SEDE LINARES;07401;Linares;07;Maule;2
CFT DE LA REGION DEL MAULE;914;2;CAMPUS PARRAL;07404;Parral;07;Maule;2
CFT DE LA REGION DEL BIO BIO;915;1;SEDE TIRUA;08207;Tirúa;08;Biobío;5
CFT DE LA REGION DEL BIO BIO;915;2;SEDE LOS ALAMOS;08206;Los Alamos;08;Biobío;5
CFT DE LA REGION DEL BIO BIO;915;3;SEDE CORONEL;08102;Coronel;08;Biobío;5
CFT DE LA REGION DEL BIO BIO;915;4;SEDE SAN PEDRO;08108;San Pedro de la Paz;08;Biobío;5
CFT DE LA REGION DEL BIO BIO;915;5;SEDE TOME;08111;Tomé;08;Biobío;5
CFT DE LA REGION DE LA ARAUCANIA;916;1;SEDE LAUTARO;09108;Lautaro;09;La Araucanía;3
CFT DE LA REGION DE LA ARAUCANIA;916;2;SEDE ANGOL;09201;Angol;09;La Araucanía;3
CFT DE LA REGION DE LA ARAUCANIA;916;3;SEDE LONQUIMAY;09205;Lonquimay;09;La Araucanía;3
CFT DE LA REGION DE LOS RIOS;917;1;SEDE CENTRAL;14201;La Unión;14;Los Ríos;4
CFT DE LA REGION DE LOS RIOS;917;2;SEDE PANGUIPULLI;14108;Panguipulli;14;Los Ríos;4
CFT DE LA REGION DE LOS RIOS;917;3;SEDE PAILLACO;14107;Paillaco;14;Los Ríos;4
CFT DE LA REGION DE LOS RIOS;917;4;SEDE VALDIVIA;14101;Valdivia;14;Los Ríos;4
CFT DE LA REGION DE LOS LAGOS;918;1;SEDE CENTRAL LLANQUIHUE;10107;Llanquihue;10;Los Lagos;2
CFT DE LA REGION DE LOS LAGOS;918;2;SEDE FRUTILLAR;10105;Frutillar;10;Los Lagos;2
CFT DE LA REGION DE AYSEN DEL GENERAL CARLOS IBAÑEZ DEL CAMPO;919;1;SEDE AYSEN;11201;Aysén;11;Aysén del General Carlos Ibáñez del Campo;1
CFT DE LA REGION DE MAGALLANES Y ANTARTICA CHILENA;920;1;SEDE PORVENIR;12301;Porvenir;12;Magallanes y de la Antártica Chilena;2
CFT DE LA REGION DE MAGALLANES Y ANTARTICA CHILENA;920;2;SEDE ENLACE PUNTA ARENAS;12101;Punta Arenas;12;Magallanes y de la Antártica Chilena;2
CFT ACADEMIA CHILENA DE YOGA;959;1;CASA CENTRAL;13123;Providencia;13;Metropolitana de Santiago;1
